dataset,task,count,success_rate,difficulty,group,source_url,evidence,adapter_method
Google DeepMind Open X-Embodiment / RT-X,openx_skill_bucket_01_cross_embodiment_skill,242343.4562,0.86,0.22,head,https://robotics-transformer-x.github.io/,"official aggregate: 1000000+ trajectories, 22 robots, 527 skills, 160266 tasks, 60 datasets",aggregate_zipf_expansion_from_official_counts
Google DeepMind Open X-Embodiment / RT-X,openx_skill_bucket_02_cross_embodiment_skill,114635.4399,0.8527,0.2308,head,https://robotics-transformer-x.github.io/,"official aggregate: 1000000+ trajectories, 22 robots, 527 skills, 160266 tasks, 60 datasets",aggregate_zipf_expansion_from_official_counts
Google DeepMind Open X-Embodiment / RT-X,openx_skill_bucket_03_cross_embodiment_skill,73984.4317,0.8454,0.2416,head,https://robotics-transformer-x.github.io/,"official aggregate: 1000000+ trajectories, 22 robots, 527 skills, 160266 tasks, 60 datasets",aggregate_zipf_expansion_from_official_counts
Google DeepMind Open X-Embodiment / RT-X,openx_skill_bucket_04_cross_embodiment_skill,54225.8673,0.8381,0.2524,head,https://robotics-transformer-x.github.io/,"official aggregate: 1000000+ trajectories, 22 robots, 527 skills, 160266 tasks, 60 datasets",aggregate_zipf_expansion_from_official_counts
Google DeepMind Open X-Embodiment / RT-X,openx_skill_bucket_05_cross_embodiment_skill,42613.1553,0.8308,0.2632,head,https://robotics-transformer-x.github.io/,"official aggregate: 1000000+ trajectories, 22 robots, 527 skills, 160266 tasks, 60 datasets",aggregate_zipf_expansion_from_official_counts
Google DeepMind Open X-Embodiment / RT-X,openx_skill_bucket_06_cross_embodiment_skill,34996.7687,0.8235,0.274,head,https://robotics-transformer-x.github.io/,"official aggregate: 1000000+ trajectories, 22 robots, 527 skills, 160266 tasks, 60 datasets",aggregate_zipf_expansion_from_official_counts
Google DeepMind Open X-Embodiment / RT-X,openx_skill_bucket_07_cross_embodiment_skill,29629.5745,0.8162,0.2848,head,https://robotics-transformer-x.github.io/,"official aggregate: 1000000+ trajectories, 22 robots, 527 skills, 160266 tasks, 60 datasets",aggregate_zipf_expansion_from_official_counts
Google DeepMind Open X-Embodiment / RT-X,openx_skill_bucket_08_cross_embodiment_skill,25650.3982,0.8089,0.2956,head,https://robotics-transformer-x.github.io/,"official aggregate: 1000000+ trajectories, 22 robots, 527 skills, 160266 tasks, 60 datasets",aggregate_zipf_expansion_from_official_counts
Google DeepMind Open X-Embodiment / RT-X,openx_skill_bucket_09_cross_embodiment_skill,22586.5234,0.8016,0.3063,head,https://robotics-transformer-x.github.io/,"official aggregate: 1000000+ trajectories, 22 robots, 527 skills, 160266 tasks, 60 datasets",aggregate_zipf_expansion_from_official_counts
Google DeepMind Open X-Embodiment / RT-X,openx_skill_bucket_10_cross_embodiment_skill,20157.2507,0.7943,0.3171,head,https://robotics-transformer-x.github.io/,"official aggregate: 1000000+ trajectories, 22 robots, 527 skills, 160266 tasks, 60 datasets",aggregate_zipf_expansion_from_official_counts
Google DeepMind Open X-Embodiment / RT-X,openx_skill_bucket_11_cross_embodiment_skill,18185.5817,0.787,0.3279,head,https://robotics-transformer-x.github.io/,"official aggregate: 1000000+ trajectories, 22 robots, 527 skills, 160266 tasks, 60 datasets",aggregate_zipf_expansion_from_official_counts
Google DeepMind Open X-Embodiment / RT-X,openx_skill_bucket_12_cross_embodiment_skill,16554.4803,0.7797,0.3387,head,https://robotics-transformer-x.github.io/,"official aggregate: 1000000+ trajectories, 22 robots, 527 skills, 160266 tasks, 60 datasets",aggregate_zipf_expansion_from_official_counts
Google DeepMind Open X-Embodiment / RT-X,openx_skill_bucket_13_cross_embodiment_skill,15183.5204,0.7724,0.3495,medium,https://robotics-transformer-x.github.io/,"official aggregate: 1000000+ trajectories, 22 robots, 527 skills, 160266 tasks, 60 datasets",aggregate_zipf_expansion_from_official_counts
Google DeepMind Open X-Embodiment / RT-X,openx_skill_bucket_14_cross_embodiment_skill,14015.6427,0.7651,0.3603,medium,https://robotics-transformer-x.github.io/,"official aggregate: 1000000+ trajectories, 22 robots, 527 skills, 160266 tasks, 60 datasets",aggregate_zipf_expansion_from_official_counts
Google DeepMind Open X-Embodiment / RT-X,openx_skill_bucket_15_cross_embodiment_skill,13009.2643,0.7578,0.3711,medium,https://robotics-transformer-x.github.io/,"official aggregate: 1000000+ trajectories, 22 robots, 527 skills, 160266 tasks, 60 datasets",aggregate_zipf_expansion_from_official_counts
Google DeepMind Open X-Embodiment / RT-X,openx_skill_bucket_16_cross_embodiment_skill,12133.3777,0.7505,0.3819,medium,https://robotics-transformer-x.github.io/,"official aggregate: 1000000+ trajectories, 22 robots, 527 skills, 160266 tasks, 60 datasets",aggregate_zipf_expansion_from_official_counts
Google DeepMind Open X-Embodiment / RT-X,openx_skill_bucket_17_cross_embodiment_skill,11364.3987,0.7432,0.3927,medium,https://robotics-transformer-x.github.io/,"official aggregate: 1000000+ trajectories, 22 robots, 527 skills, 160266 tasks, 60 datasets",aggregate_zipf_expansion_from_official_counts
Google DeepMind Open X-Embodiment / RT-X,openx_skill_bucket_18_cross_embodiment_skill,10684.0766,0.7359,0.4035,medium,https://robotics-transformer-x.github.io/,"official aggregate: 1000000+ trajectories, 22 robots, 527 skills, 160266 tasks, 60 datasets",aggregate_zipf_expansion_from_official_counts
Google DeepMind Open X-Embodiment / RT-X,openx_skill_bucket_19_cross_embodiment_skill,10078.0709,0.7286,0.4143,medium,https://robotics-transformer-x.github.io/,"official aggregate: 1000000+ trajectories, 22 robots, 527 skills, 160266 tasks, 60 datasets",aggregate_zipf_expansion_from_official_counts
Google DeepMind Open X-Embodiment / RT-X,openx_skill_bucket_20_cross_embodiment_skill,9534.9606,0.7213,0.4251,medium,https://robotics-transformer-x.github.io/,"official aggregate: 1000000+ trajectories, 22 robots, 527 skills, 160266 tasks, 60 datasets",aggregate_zipf_expansion_from_official_counts
Google DeepMind Open X-Embodiment / RT-X,openx_skill_bucket_21_cross_embodiment_skill,9045.5392,0.714,0.4359,medium,https://robotics-transformer-x.github.io/,"official aggregate: 1000000+ trajectories, 22 robots, 527 skills, 160266 tasks, 60 datasets",aggregate_zipf_expansion_from_official_counts
Google DeepMind Open X-Embodiment / RT-X,openx_skill_bucket_22_cross_embodiment_skill,8602.3043,0.7067,0.4467,medium,https://robotics-transformer-x.github.io/,"official aggregate: 1000000+ trajectories, 22 robots, 527 skills, 160266 tasks, 60 datasets",aggregate_zipf_expansion_from_official_counts
Google DeepMind Open X-Embodiment / RT-X,openx_skill_bucket_23_cross_embodiment_skill,8199.0821,0.6994,0.4575,medium,https://robotics-transformer-x.github.io/,"official aggregate: 1000000+ trajectories, 22 robots, 527 skills, 160266 tasks, 60 datasets",aggregate_zipf_expansion_from_official_counts
Google DeepMind Open X-Embodiment / RT-X,openx_skill_bucket_24_cross_embodiment_skill,7830.7463,0.6921,0.4683,medium,https://robotics-transformer-x.github.io/,"official aggregate: 1000000+ trajectories, 22 robots, 527 skills, 160266 tasks, 60 datasets",aggregate_zipf_expansion_from_official_counts
Google DeepMind Open X-Embodiment / RT-X,openx_skill_bucket_25_cross_embodiment_skill,7493.0061,0.6848,0.479,medium,https://robotics-transformer-x.github.io/,"official aggregate: 1000000+ trajectories, 22 robots, 527 skills, 160266 tasks, 60 datasets",aggregate_zipf_expansion_from_official_counts
Google DeepMind Open X-Embodiment / RT-X,openx_skill_bucket_26_cross_embodiment_skill,7182.2428,0.6775,0.4898,medium,https://robotics-transformer-x.github.io/,"official aggregate: 1000000+ trajectories, 22 robots, 527 skills, 160266 tasks, 60 datasets",aggregate_zipf_expansion_from_official_counts
Google DeepMind Open X-Embodiment / RT-X,openx_skill_bucket_27_cross_embodiment_skill,6895.3836,0.6702,0.5006,medium,https://robotics-transformer-x.github.io/,"official aggregate: 1000000+ trajectories, 22 robots, 527 skills, 160266 tasks, 60 datasets",aggregate_zipf_expansion_from_official_counts
Google DeepMind Open X-Embodiment / RT-X,openx_skill_bucket_28_cross_embodiment_skill,6629.803,0.6629,0.5114,medium,https://robotics-transformer-x.github.io/,"official aggregate: 1000000+ trajectories, 22 robots, 527 skills, 160266 tasks, 60 datasets",aggregate_zipf_expansion_from_official_counts
Google DeepMind Open X-Embodiment / RT-X,openx_skill_bucket_29_cross_embodiment_skill,6383.2442,0.6556,0.5222,medium,https://robotics-transformer-x.github.io/,"official aggregate: 1000000+ trajectories, 22 robots, 527 skills, 160266 tasks, 60 datasets",aggregate_zipf_expansion_from_official_counts
Google DeepMind Open X-Embodiment / RT-X,openx_skill_bucket_30_cross_embodiment_skill,6153.757,0.6483,0.533,medium,https://robotics-transformer-x.github.io/,"official aggregate: 1000000+ trajectories, 22 robots, 527 skills, 160266 tasks, 60 datasets",aggregate_zipf_expansion_from_official_counts
Google DeepMind Open X-Embodiment / RT-X,openx_skill_bucket_31_cross_embodiment_skill,5939.6474,0.641,0.5438,medium,https://robotics-transformer-x.github.io/,"official aggregate: 1000000+ trajectories, 22 robots, 527 skills, 160266 tasks, 60 datasets",aggregate_zipf_expansion_from_official_counts
Google DeepMind Open X-Embodiment / RT-X,openx_skill_bucket_32_cross_embodiment_skill,5739.4374,0.6337,0.5546,medium,https://robotics-transformer-x.github.io/,"official aggregate: 1000000+ trajectories, 22 robots, 527 skills, 160266 tasks, 60 datasets",aggregate_zipf_expansion_from_official_counts
Google DeepMind Open X-Embodiment / RT-X,openx_skill_bucket_33_cross_embodiment_skill,5551.8311,0.6263,0.5654,medium,https://robotics-transformer-x.github.io/,"official aggregate: 1000000+ trajectories, 22 robots, 527 skills, 160266 tasks, 60 datasets",aggregate_zipf_expansion_from_official_counts
Google DeepMind Open X-Embodiment / RT-X,openx_skill_bucket_34_cross_embodiment_skill,5375.6882,0.619,0.5762,medium,https://robotics-transformer-x.github.io/,"official aggregate: 1000000+ trajectories, 22 robots, 527 skills, 160266 tasks, 60 datasets",aggregate_zipf_expansion_from_official_counts
Google DeepMind Open X-Embodiment / RT-X,openx_skill_bucket_35_cross_embodiment_skill,5210.001,0.6117,0.587,medium,https://robotics-transformer-x.github.io/,"official aggregate: 1000000+ trajectories, 22 robots, 527 skills, 160266 tasks, 60 datasets",aggregate_zipf_expansion_from_official_counts
Google DeepMind Open X-Embodiment / RT-X,openx_skill_bucket_36_cross_embodiment_skill,5053.8762,0.6044,0.5978,medium,https://robotics-transformer-x.github.io/,"official aggregate: 1000000+ trajectories, 22 robots, 527 skills, 160266 tasks, 60 datasets",aggregate_zipf_expansion_from_official_counts
Google DeepMind Open X-Embodiment / RT-X,openx_skill_bucket_37_cross_embodiment_skill,4906.5184,0.5971,0.6086,medium,https://robotics-transformer-x.github.io/,"official aggregate: 1000000+ trajectories, 22 robots, 527 skills, 160266 tasks, 60 datasets",aggregate_zipf_expansion_from_official_counts
Google DeepMind Open X-Embodiment / RT-X,openx_skill_bucket_38_cross_embodiment_skill,4767.218,0.5898,0.6194,medium,https://robotics-transformer-x.github.io/,"official aggregate: 1000000+ trajectories, 22 robots, 527 skills, 160266 tasks, 60 datasets",aggregate_zipf_expansion_from_official_counts
Google DeepMind Open X-Embodiment / RT-X,openx_skill_bucket_39_cross_embodiment_skill,4635.3392,0.5825,0.6302,medium,https://robotics-transformer-x.github.io/,"official aggregate: 1000000+ trajectories, 22 robots, 527 skills, 160266 tasks, 60 datasets",aggregate_zipf_expansion_from_official_counts
Google DeepMind Open X-Embodiment / RT-X,openx_skill_bucket_40_cross_embodiment_skill,4510.3112,0.5752,0.641,medium,https://robotics-transformer-x.github.io/,"official aggregate: 1000000+ trajectories, 22 robots, 527 skills, 160266 tasks, 60 datasets",aggregate_zipf_expansion_from_official_counts
Google DeepMind Open X-Embodiment / RT-X,openx_skill_bucket_41_cross_embodiment_skill,4391.6198,0.5679,0.6517,medium,https://robotics-transformer-x.github.io/,"official aggregate: 1000000+ trajectories, 22 robots, 527 skills, 160266 tasks, 60 datasets",aggregate_zipf_expansion_from_official_counts
Google DeepMind Open X-Embodiment / RT-X,openx_skill_bucket_42_cross_embodiment_skill,4278.8008,0.5606,0.6625,medium,https://robotics-transformer-x.github.io/,"official aggregate: 1000000+ trajectories, 22 robots, 527 skills, 160266 tasks, 60 datasets",aggregate_zipf_expansion_from_official_counts
Google DeepMind Open X-Embodiment / RT-X,openx_skill_bucket_43_cross_embodiment_skill,4171.4339,0.5533,0.6733,medium,https://robotics-transformer-x.github.io/,"official aggregate: 1000000+ trajectories, 22 robots, 527 skills, 160266 tasks, 60 datasets",aggregate_zipf_expansion_from_official_counts
Google DeepMind Open X-Embodiment / RT-X,openx_skill_bucket_44_cross_embodiment_skill,4069.1379,0.546,0.6841,tail,https://robotics-transformer-x.github.io/,"official aggregate: 1000000+ trajectories, 22 robots, 527 skills, 160266 tasks, 60 datasets",aggregate_zipf_expansion_from_official_counts
Google DeepMind Open X-Embodiment / RT-X,openx_skill_bucket_45_cross_embodiment_skill,3971.566,0.5387,0.6949,tail,https://robotics-transformer-x.github.io/,"official aggregate: 1000000+ trajectories, 22 robots, 527 skills, 160266 tasks, 60 datasets",aggregate_zipf_expansion_from_official_counts
Google DeepMind Open X-Embodiment / RT-X,openx_skill_bucket_46_cross_embodiment_skill,3878.4022,0.5314,0.7057,tail,https://robotics-transformer-x.github.io/,"official aggregate: 1000000+ trajectories, 22 robots, 527 skills, 160266 tasks, 60 datasets",aggregate_zipf_expansion_from_official_counts
Google DeepMind Open X-Embodiment / RT-X,openx_skill_bucket_47_cross_embodiment_skill,3789.3578,0.5241,0.7165,tail,https://robotics-transformer-x.github.io/,"official aggregate: 1000000+ trajectories, 22 robots, 527 skills, 160266 tasks, 60 datasets",aggregate_zipf_expansion_from_official_counts
Google DeepMind Open X-Embodiment / RT-X,openx_skill_bucket_48_cross_embodiment_skill,3704.1687,0.5168,0.7273,tail,https://robotics-transformer-x.github.io/,"official aggregate: 1000000+ trajectories, 22 robots, 527 skills, 160266 tasks, 60 datasets",aggregate_zipf_expansion_from_official_counts
Google DeepMind Open X-Embodiment / RT-X,openx_skill_bucket_49_cross_embodiment_skill,3622.5929,0.5095,0.7381,tail,https://robotics-transformer-x.github.io/,"official aggregate: 1000000+ trajectories, 22 robots, 527 skills, 160266 tasks, 60 datasets",aggregate_zipf_expansion_from_official_counts
Google DeepMind Open X-Embodiment / RT-X,openx_skill_bucket_50_cross_embodiment_skill,3544.4079,0.5022,0.7489,tail,https://robotics-transformer-x.github.io/,"official aggregate: 1000000+ trajectories, 22 robots, 527 skills, 160266 tasks, 60 datasets",aggregate_zipf_expansion_from_official_counts
Google DeepMind Open X-Embodiment / RT-X,openx_skill_bucket_51_cross_embodiment_skill,3469.4091,0.4949,0.7597,tail,https://robotics-transformer-x.github.io/,"official aggregate: 1000000+ trajectories, 22 robots, 527 skills, 160266 tasks, 60 datasets",aggregate_zipf_expansion_from_official_counts
Google DeepMind Open X-Embodiment / RT-X,openx_skill_bucket_52_cross_embodiment_skill,3397.4079,0.4876,0.7705,tail,https://robotics-transformer-x.github.io/,"official aggregate: 1000000+ trajectories, 22 robots, 527 skills, 160266 tasks, 60 datasets",aggregate_zipf_expansion_from_official_counts
Google DeepMind Open X-Embodiment / RT-X,openx_skill_bucket_53_cross_embodiment_skill,3328.2302,0.4803,0.7813,tail,https://robotics-transformer-x.github.io/,"official aggregate: 1000000+ trajectories, 22 robots, 527 skills, 160266 tasks, 60 datasets",aggregate_zipf_expansion_from_official_counts
Google DeepMind Open X-Embodiment / RT-X,openx_skill_bucket_54_cross_embodiment_skill,3261.7152,0.473,0.7921,tail,https://robotics-transformer-x.github.io/,"official aggregate: 1000000+ trajectories, 22 robots, 527 skills, 160266 tasks, 60 datasets",aggregate_zipf_expansion_from_official_counts
Google DeepMind Open X-Embodiment / RT-X,openx_skill_bucket_55_cross_embodiment_skill,3197.7138,0.4657,0.8029,tail,https://robotics-transformer-x.github.io/,"official aggregate: 1000000+ trajectories, 22 robots, 527 skills, 160266 tasks, 60 datasets",aggregate_zipf_expansion_from_official_counts
Google DeepMind Open X-Embodiment / RT-X,openx_skill_bucket_56_cross_embodiment_skill,3136.0879,0.4584,0.8137,tail,https://robotics-transformer-x.github.io/,"official aggregate: 1000000+ trajectories, 22 robots, 527 skills, 160266 tasks, 60 datasets",aggregate_zipf_expansion_from_official_counts
Google DeepMind Open X-Embodiment / RT-X,openx_skill_bucket_57_cross_embodiment_skill,3076.7092,0.4511,0.8244,tail,https://robotics-transformer-x.github.io/,"official aggregate: 1000000+ trajectories, 22 robots, 527 skills, 160266 tasks, 60 datasets",aggregate_zipf_expansion_from_official_counts
Google DeepMind Open X-Embodiment / RT-X,openx_skill_bucket_58_cross_embodiment_skill,3019.4585,0.4438,0.8352,tail,https://robotics-transformer-x.github.io/,"official aggregate: 1000000+ trajectories, 22 robots, 527 skills, 160266 tasks, 60 datasets",aggregate_zipf_expansion_from_official_counts
Google DeepMind Open X-Embodiment / RT-X,openx_skill_bucket_59_cross_embodiment_skill,2964.2247,0.4365,0.846,tail,https://robotics-transformer-x.github.io/,"official aggregate: 1000000+ trajectories, 22 robots, 527 skills, 160266 tasks, 60 datasets",aggregate_zipf_expansion_from_official_counts
Google DeepMind Open X-Embodiment / RT-X,openx_skill_bucket_60_cross_embodiment_skill,2910.9044,0.4292,0.8568,tail,https://robotics-transformer-x.github.io/,"official aggregate: 1000000+ trajectories, 22 robots, 527 skills, 160266 tasks, 60 datasets",aggregate_zipf_expansion_from_official_counts
Google DeepMind Open X-Embodiment / RT-X,openx_skill_bucket_61_cross_embodiment_skill,2859.4011,0.4219,0.8676,tail,https://robotics-transformer-x.github.io/,"official aggregate: 1000000+ trajectories, 22 robots, 527 skills, 160266 tasks, 60 datasets",aggregate_zipf_expansion_from_official_counts
Google DeepMind Open X-Embodiment / RT-X,openx_skill_bucket_62_cross_embodiment_skill,2809.6244,0.4146,0.8784,tail,https://robotics-transformer-x.github.io/,"official aggregate: 1000000+ trajectories, 22 robots, 527 skills, 160266 tasks, 60 datasets",aggregate_zipf_expansion_from_official_counts
Google DeepMind Open X-Embodiment / RT-X,openx_skill_bucket_63_cross_embodiment_skill,2761.4902,0.4073,0.8892,tail,https://robotics-transformer-x.github.io/,"official aggregate: 1000000+ trajectories, 22 robots, 527 skills, 160266 tasks, 60 datasets",aggregate_zipf_expansion_from_official_counts
Google DeepMind Open X-Embodiment / RT-X,openx_skill_bucket_64_cross_embodiment_skill,2714.9193,0.4,0.9,tail,https://robotics-transformer-x.github.io/,"official aggregate: 1000000+ trajectories, 22 robots, 527 skills, 160266 tasks, 60 datasets",aggregate_zipf_expansion_from_official_counts
DROID real robot manipulation dataset,droid_task_bucket_01_in_the_wild_manipulation,21838.2757,0.86,0.22,head,https://droid-dataset.github.io/,"official aggregate: 76000 trajectories, 350 hours, 564 scenes, 86 tasks, 50 collectors",aggregate_zipf_expansion_from_official_counts
DROID real robot manipulation dataset,droid_task_bucket_02_in_the_wild_manipulation,9772.9021,0.8502,0.2345,head,https://droid-dataset.github.io/,"official aggregate: 76000 trajectories, 350 hours, 564 scenes, 86 tasks, 50 collectors",aggregate_zipf_expansion_from_official_counts
DROID real robot manipulation dataset,droid_task_bucket_03_in_the_wild_manipulation,6106.0125,0.8404,0.2489,head,https://droid-dataset.github.io/,"official aggregate: 76000 trajectories, 350 hours, 564 scenes, 86 tasks, 50 collectors",aggregate_zipf_expansion_from_official_counts
DROID real robot manipulation dataset,droid_task_bucket_04_in_the_wild_manipulation,4373.4962,0.8306,0.2634,head,https://droid-dataset.github.io/,"official aggregate: 76000 trajectories, 350 hours, 564 scenes, 86 tasks, 50 collectors",aggregate_zipf_expansion_from_official_counts
DROID real robot manipulation dataset,droid_task_bucket_05_in_the_wild_manipulation,3376.0832,0.8209,0.2779,head,https://droid-dataset.github.io/,"official aggregate: 76000 trajectories, 350 hours, 564 scenes, 86 tasks, 50 collectors",aggregate_zipf_expansion_from_official_counts
DROID real robot manipulation dataset,droid_task_bucket_06_in_the_wild_manipulation,2732.5171,0.8111,0.2923,head,https://droid-dataset.github.io/,"official aggregate: 76000 trajectories, 350 hours, 564 scenes, 86 tasks, 50 collectors",aggregate_zipf_expansion_from_official_counts
DROID real robot manipulation dataset,droid_task_bucket_07_in_the_wild_manipulation,2285.0969,0.8013,0.3068,head,https://droid-dataset.github.io/,"official aggregate: 76000 trajectories, 350 hours, 564 scenes, 86 tasks, 50 collectors",aggregate_zipf_expansion_from_official_counts
DROID real robot manipulation dataset,droid_task_bucket_08_in_the_wild_manipulation,1957.1944,0.7915,0.3213,head,https://droid-dataset.github.io/,"official aggregate: 76000 trajectories, 350 hours, 564 scenes, 86 tasks, 50 collectors",aggregate_zipf_expansion_from_official_counts
DROID real robot manipulation dataset,droid_task_bucket_09_in_the_wild_manipulation,1707.2497,0.7817,0.3357,head,https://droid-dataset.github.io/,"official aggregate: 76000 trajectories, 350 hours, 564 scenes, 86 tasks, 50 collectors",aggregate_zipf_expansion_from_official_counts
DROID real robot manipulation dataset,droid_task_bucket_10_in_the_wild_manipulation,1510.8396,0.7719,0.3502,medium,https://droid-dataset.github.io/,"official aggregate: 76000 trajectories, 350 hours, 564 scenes, 86 tasks, 50 collectors",aggregate_zipf_expansion_from_official_counts
DROID real robot manipulation dataset,droid_task_bucket_11_in_the_wild_manipulation,1352.7042,0.7621,0.3647,medium,https://droid-dataset.github.io/,"official aggregate: 76000 trajectories, 350 hours, 564 scenes, 86 tasks, 50 collectors",aggregate_zipf_expansion_from_official_counts
DROID real robot manipulation dataset,droid_task_bucket_12_in_the_wild_manipulation,1222.8357,0.7523,0.3791,medium,https://droid-dataset.github.io/,"official aggregate: 76000 trajectories, 350 hours, 564 scenes, 86 tasks, 50 collectors",aggregate_zipf_expansion_from_official_counts
DROID real robot manipulation dataset,droid_task_bucket_13_in_the_wild_manipulation,1114.4076,0.7426,0.3936,medium,https://droid-dataset.github.io/,"official aggregate: 76000 trajectories, 350 hours, 564 scenes, 86 tasks, 50 collectors",aggregate_zipf_expansion_from_official_counts
DROID real robot manipulation dataset,droid_task_bucket_14_in_the_wild_manipulation,1022.6095,0.7328,0.4081,medium,https://droid-dataset.github.io/,"official aggregate: 76000 trajectories, 350 hours, 564 scenes, 86 tasks, 50 collectors",aggregate_zipf_expansion_from_official_counts
DROID real robot manipulation dataset,droid_task_bucket_15_in_the_wild_manipulation,943.9576,0.723,0.4226,medium,https://droid-dataset.github.io/,"official aggregate: 76000 trajectories, 350 hours, 564 scenes, 86 tasks, 50 collectors",aggregate_zipf_expansion_from_official_counts
DROID real robot manipulation dataset,droid_task_bucket_16_in_the_wild_manipulation,875.869,0.7132,0.437,medium,https://droid-dataset.github.io/,"official aggregate: 76000 trajectories, 350 hours, 564 scenes, 86 tasks, 50 collectors",aggregate_zipf_expansion_from_official_counts
DROID real robot manipulation dataset,droid_task_bucket_17_in_the_wild_manipulation,816.3898,0.7034,0.4515,medium,https://droid-dataset.github.io/,"official aggregate: 76000 trajectories, 350 hours, 564 scenes, 86 tasks, 50 collectors",aggregate_zipf_expansion_from_official_counts
DROID real robot manipulation dataset,droid_task_bucket_18_in_the_wild_manipulation,764.0156,0.6936,0.466,medium,https://droid-dataset.github.io/,"official aggregate: 76000 trajectories, 350 hours, 564 scenes, 86 tasks, 50 collectors",aggregate_zipf_expansion_from_official_counts
DROID real robot manipulation dataset,droid_task_bucket_19_in_the_wild_manipulation,717.5698,0.6838,0.4804,medium,https://droid-dataset.github.io/,"official aggregate: 76000 trajectories, 350 hours, 564 scenes, 86 tasks, 50 collectors",aggregate_zipf_expansion_from_official_counts
DROID real robot manipulation dataset,droid_task_bucket_20_in_the_wild_manipulation,676.1196,0.674,0.4949,medium,https://droid-dataset.github.io/,"official aggregate: 76000 trajectories, 350 hours, 564 scenes, 86 tasks, 50 collectors",aggregate_zipf_expansion_from_official_counts
DROID real robot manipulation dataset,droid_task_bucket_21_in_the_wild_manipulation,638.9163,0.6643,0.5094,medium,https://droid-dataset.github.io/,"official aggregate: 76000 trajectories, 350 hours, 564 scenes, 86 tasks, 50 collectors",aggregate_zipf_expansion_from_official_counts
DROID real robot manipulation dataset,droid_task_bucket_22_in_the_wild_manipulation,605.3521,0.6545,0.5238,medium,https://droid-dataset.github.io/,"official aggregate: 76000 trajectories, 350 hours, 564 scenes, 86 tasks, 50 collectors",aggregate_zipf_expansion_from_official_counts
DROID real robot manipulation dataset,droid_task_bucket_23_in_the_wild_manipulation,574.9288,0.6447,0.5383,medium,https://droid-dataset.github.io/,"official aggregate: 76000 trajectories, 350 hours, 564 scenes, 86 tasks, 50 collectors",aggregate_zipf_expansion_from_official_counts
DROID real robot manipulation dataset,droid_task_bucket_24_in_the_wild_manipulation,547.2343,0.6349,0.5528,medium,https://droid-dataset.github.io/,"official aggregate: 76000 trajectories, 350 hours, 564 scenes, 86 tasks, 50 collectors",aggregate_zipf_expansion_from_official_counts
DROID real robot manipulation dataset,droid_task_bucket_25_in_the_wild_manipulation,521.9248,0.6251,0.5672,medium,https://droid-dataset.github.io/,"official aggregate: 76000 trajectories, 350 hours, 564 scenes, 86 tasks, 50 collectors",aggregate_zipf_expansion_from_official_counts
DROID real robot manipulation dataset,droid_task_bucket_26_in_the_wild_manipulation,498.7114,0.6153,0.5817,medium,https://droid-dataset.github.io/,"official aggregate: 76000 trajectories, 350 hours, 564 scenes, 86 tasks, 50 collectors",aggregate_zipf_expansion_from_official_counts
DROID real robot manipulation dataset,droid_task_bucket_27_in_the_wild_manipulation,477.3494,0.6055,0.5962,medium,https://droid-dataset.github.io/,"official aggregate: 76000 trajectories, 350 hours, 564 scenes, 86 tasks, 50 collectors",aggregate_zipf_expansion_from_official_counts
DROID real robot manipulation dataset,droid_task_bucket_28_in_the_wild_manipulation,457.6306,0.5957,0.6106,medium,https://droid-dataset.github.io/,"official aggregate: 76000 trajectories, 350 hours, 564 scenes, 86 tasks, 50 collectors",aggregate_zipf_expansion_from_official_counts
DROID real robot manipulation dataset,droid_task_bucket_29_in_the_wild_manipulation,439.3763,0.586,0.6251,medium,https://droid-dataset.github.io/,"official aggregate: 76000 trajectories, 350 hours, 564 scenes, 86 tasks, 50 collectors",aggregate_zipf_expansion_from_official_counts
DROID real robot manipulation dataset,droid_task_bucket_30_in_the_wild_manipulation,422.4329,0.5762,0.6396,medium,https://droid-dataset.github.io/,"official aggregate: 76000 trajectories, 350 hours, 564 scenes, 86 tasks, 50 collectors",aggregate_zipf_expansion_from_official_counts
DROID real robot manipulation dataset,droid_task_bucket_31_in_the_wild_manipulation,406.6669,0.5664,0.654,medium,https://droid-dataset.github.io/,"official aggregate: 76000 trajectories, 350 hours, 564 scenes, 86 tasks, 50 collectors",aggregate_zipf_expansion_from_official_counts
DROID real robot manipulation dataset,droid_task_bucket_32_in_the_wild_manipulation,391.9624,0.5566,0.6685,medium,https://droid-dataset.github.io/,"official aggregate: 76000 trajectories, 350 hours, 564 scenes, 86 tasks, 50 collectors",aggregate_zipf_expansion_from_official_counts
DROID real robot manipulation dataset,droid_task_bucket_33_in_the_wild_manipulation,378.218,0.5468,0.683,tail,https://droid-dataset.github.io/,"official aggregate: 76000 trajectories, 350 hours, 564 scenes, 86 tasks, 50 collectors",aggregate_zipf_expansion_from_official_counts
DROID real robot manipulation dataset,droid_task_bucket_34_in_the_wild_manipulation,365.3447,0.537,0.6974,tail,https://droid-dataset.github.io/,"official aggregate: 76000 trajectories, 350 hours, 564 scenes, 86 tasks, 50 collectors",aggregate_zipf_expansion_from_official_counts
DROID real robot manipulation dataset,droid_task_bucket_35_in_the_wild_manipulation,353.264,0.5272,0.7119,tail,https://droid-dataset.github.io/,"official aggregate: 76000 trajectories, 350 hours, 564 scenes, 86 tasks, 50 collectors",aggregate_zipf_expansion_from_official_counts
DROID real robot manipulation dataset,droid_task_bucket_36_in_the_wild_manipulation,341.9066,0.5174,0.7264,tail,https://droid-dataset.github.io/,"official aggregate: 76000 trajectories, 350 hours, 564 scenes, 86 tasks, 50 collectors",aggregate_zipf_expansion_from_official_counts
DROID real robot manipulation dataset,droid_task_bucket_37_in_the_wild_manipulation,331.2107,0.5077,0.7409,tail,https://droid-dataset.github.io/,"official aggregate: 76000 trajectories, 350 hours, 564 scenes, 86 tasks, 50 collectors",aggregate_zipf_expansion_from_official_counts
DROID real robot manipulation dataset,droid_task_bucket_38_in_the_wild_manipulation,321.1215,0.4979,0.7553,tail,https://droid-dataset.github.io/,"official aggregate: 76000 trajectories, 350 hours, 564 scenes, 86 tasks, 50 collectors",aggregate_zipf_expansion_from_official_counts
DROID real robot manipulation dataset,droid_task_bucket_39_in_the_wild_manipulation,311.5899,0.4881,0.7698,tail,https://droid-dataset.github.io/,"official aggregate: 76000 trajectories, 350 hours, 564 scenes, 86 tasks, 50 collectors",aggregate_zipf_expansion_from_official_counts
DROID real robot manipulation dataset,droid_task_bucket_40_in_the_wild_manipulation,302.572,0.4783,0.7843,tail,https://droid-dataset.github.io/,"official aggregate: 76000 trajectories, 350 hours, 564 scenes, 86 tasks, 50 collectors",aggregate_zipf_expansion_from_official_counts
DROID real robot manipulation dataset,droid_task_bucket_41_in_the_wild_manipulation,294.0283,0.4685,0.7987,tail,https://droid-dataset.github.io/,"official aggregate: 76000 trajectories, 350 hours, 564 scenes, 86 tasks, 50 collectors",aggregate_zipf_expansion_from_official_counts
DROID real robot manipulation dataset,droid_task_bucket_42_in_the_wild_manipulation,285.9231,0.4587,0.8132,tail,https://droid-dataset.github.io/,"official aggregate: 76000 trajectories, 350 hours, 564 scenes, 86 tasks, 50 collectors",aggregate_zipf_expansion_from_official_counts
DROID real robot manipulation dataset,droid_task_bucket_43_in_the_wild_manipulation,278.2242,0.4489,0.8277,tail,https://droid-dataset.github.io/,"official aggregate: 76000 trajectories, 350 hours, 564 scenes, 86 tasks, 50 collectors",aggregate_zipf_expansion_from_official_counts
DROID real robot manipulation dataset,droid_task_bucket_44_in_the_wild_manipulation,270.9026,0.4391,0.8421,tail,https://droid-dataset.github.io/,"official aggregate: 76000 trajectories, 350 hours, 564 scenes, 86 tasks, 50 collectors",aggregate_zipf_expansion_from_official_counts
DROID real robot manipulation dataset,droid_task_bucket_45_in_the_wild_manipulation,263.9319,0.4294,0.8566,tail,https://droid-dataset.github.io/,"official aggregate: 76000 trajectories, 350 hours, 564 scenes, 86 tasks, 50 collectors",aggregate_zipf_expansion_from_official_counts
DROID real robot manipulation dataset,droid_task_bucket_46_in_the_wild_manipulation,257.2878,0.4196,0.8711,tail,https://droid-dataset.github.io/,"official aggregate: 76000 trajectories, 350 hours, 564 scenes, 86 tasks, 50 collectors",aggregate_zipf_expansion_from_official_counts
DROID real robot manipulation dataset,droid_task_bucket_47_in_the_wild_manipulation,250.9486,0.4098,0.8855,tail,https://droid-dataset.github.io/,"official aggregate: 76000 trajectories, 350 hours, 564 scenes, 86 tasks, 50 collectors",aggregate_zipf_expansion_from_official_counts
DROID real robot manipulation dataset,droid_task_bucket_48_in_the_wild_manipulation,244.8942,0.4,0.9,tail,https://droid-dataset.github.io/,"official aggregate: 76000 trajectories, 350 hours, 564 scenes, 86 tasks, 50 collectors",aggregate_zipf_expansion_from_official_counts
Meta AI Habitat 3.0,habitat3_social_navigation,1.0,0.6,0.58,medium,https://aihabitat.org/habitat3/,"official qualitative benchmark tasks: habitat3_social_navigation, habitat3_social_rearrangement; descriptor: finding/following humanoid while maintaining safe distance",qualitative_benchmark_task_anchor_no_public_trajectory_count
Meta AI Habitat 3.0,habitat3_social_rearrangement,1.0,0.52,0.74,tail,https://aihabitat.org/habitat3/,"official qualitative benchmark tasks: habitat3_social_navigation, habitat3_social_rearrangement; descriptor: collaborative object rearrangement with humanoid",qualitative_benchmark_task_anchor_no_public_trajectory_count
